{"marker_locations": [[-6.709566998999996, -0.12898578500000468], [-3.324560224999999, -0.08061611599999452], [0.0, 0.0], [3.385006775000001, 0.01612322300000102], [6.770013550000002, 0.0644928930000006]], "optical_scaling": -6.2, "angle_mapping_cfg": {"name": "rotation", "params": [[1.081984485694834, 0.03830260279259487], [1.081984485694834, 0.03830260279259487], [1.081984485694834, 0.03830260279259487], [1.081984485694834, 0.03830260279259487], [1.081984485694834, 0.03830260279259487]]}, "corner_locations": [[-46.59028661, 39.9622608], [44.40971339, -51.0377392]]}